{
  "timestamp": "2025-11-17T11:09:37.415275",
  "model_path": "models/best_model.h5",
  "metrics": {
    "accuracy": 0.985,
    "precision": 0.98989898989899,
    "recall": 0.98,
    "f1_score": 0.9849246231155779,
    "specificity": 0.99,
    "auc_roc": 0.9980333333333333,
    "auc_pr": 0.998306949536861
  },
  "classification_report": {
    "Normal": {
      "precision": 0.9801980198019802,
      "recall": 0.99,
      "f1-score": 0.9850746268656716,
      "support": 300.0
    },
    "Defective": {
      "precision": 0.98989898989899,
      "recall": 0.98,
      "f1-score": 0.9849246231155779,
      "support": 300.0
    },
    "accuracy": 0.985,
    "macro avg": {
      "precision": 0.9850485048504851,
      "recall": 0.985,
      "f1-score": 0.9849996249906248,
      "support": 600.0
    },
    "weighted avg": {
      "precision": 0.9850485048504851,
      "recall": 0.985,
      "f1-score": 0.9849996249906248,
      "support": 600.0
    }
  },
  "dataset_info": {
    "total_samples": 600,
    "positive_samples": 300,
    "negative_samples": 300,
    "class_distribution": {
      "normal": 0.5,
      "defective": 0.5
    }
  }
}